Model,Solar,Wind
LSTM_seq,0.055289,0.221369
XGB_lr0.01_d3,0.08759,0.186235
XGB_lr0.01_d5,0.072869,0.188402
XGB_lr0.05_d3,0.056685,0.189382
XGB_lr0.05_d5,0.051793,0.191989
RF_d5,0.068524,0.192431
RF_d10,0.051644,0.192708
Ridge_a0.1,0.161348,0.198845
Ridge_a1,0.161348,0.198845
Prophet_cps0.01,0.082219,0.21749
Prophet_cps0.1,0.088694,0.19482
